{"buffers":[{"byteLength":0,"uri":"data:application/octet-stream;base64,"}],"data":{"description":"Just a disco ball","metadata":{"nodes":{"Node-0":{"position":{"x":677.8841303757923,"y":481.070699984879}},"Node-1":{"position":{"x":-865.6487203325164,"y":88.36951250639504}},"Node-10":{"position":{"x":-445.9593648804378,"y":320.80359879135307}},"Node-11":{"position":{"x":-1134,"y":-40}},"Node-12":{"position":{"x":-880.0215812414846,"y":316.58610137764816}},"Node-14":{"position":{"x":-694.1003689678361,"y":1699.6611368278777}},"Node-15":{"position":{"x":-689.8328170415456,"y":1481.516621081329}},"Node-16":{"position":{"x":-456,"y":1526}},"Node-19":{"position":{"x":-1187,"y":1763}},"Node-2":{"position":{"x":55.517716514193935,"y":17.557879656102283}},"Node-20":{"position":{"x":-145.38196648144552,"y":1034.1672664960306}},"Node-21":{"position":{"x":310.78057164805637,"y":1097.542839796933}},"Node-22":{"position":{"x":43.94081185374791,"y":1292.2143043225874}},"Node-23":{"position":{"x":-143,"y":1307}},"Node-25":{"position":{"x":-478,"y":1135}},"Node-26":{"position":{"x":-657,"y":1116}},"Node-27":{"position":{"x":-453,"y":976}},"Node-28":{"position":{"x":-1145,"y":556}},"Node-29":{"position":{"x":-424,"y":1202}},"Node-3":{"position":{"x":-293,"y":-341}},"Node-30":{"position":{"x":-1176,"y":1653}},"Node-31":{"position":{"x":-397,"y":1397}},"Node-32":{"position":{"x":-1169,"y":106}},"Node-33":{"position":{"x":-941,"y":1697}},"Node-34":{"position":{"x":-669,"y":1100}},"Node-35":{"position":{"x":-1153,"y":369}},"Node-36":{"position":{"x":-672,"y":952}},"Node-4":{"position":{"x":-541,"y":-146}},"Node-5":{"position":{"x":-567,"y":156}},"Node-6":{"position":{"x":-327,"y":88}},"Node-7":{"position":{"x":-575,"y":19}},"Node-8":{"position":{"x":-1156,"y":239}},"Node-9":{"position":{"x":-918.1727805571614,"y":588.683581109705}}},"notes":{"1":{"position":{"x":-1036.918299605814,"y":1527.1463694478866},"text":"# Top Base\n\nPart that connects the disco ball to what it hangs from","width":300},"2":{"position":{"x":24.343389777761907,"y":992.2362863954553},"text":"# String\n\nWhat the disco ball hangs from","width":300}}},"name":"Discoball","nodes":{"Node-0":{"type":"github.com/EliCDavis/polyform/nodes.Struct[github.com/EliCDavis/polyform/formats/gltf.ManifestNode]","assignedInput":{"Models.0":{"id":"Node-10","port":"Out"},"Models.1":{"id":"Node-16","port":"Out"},"Models.2":{"id":"Node-21","port":"Out"},"Models.3":{"id":"Node-2","port":"Out"}}},"Node-1":{"type":"github.com/EliCDavis/polyform/nodes.Struct[github.com/EliCDavis/polyform/modeling/primitives.UvSphereNode]","assignedInput":{"Columns":{"id":"Node-11","port":"Value"},"Radius":{"id":"Node-32","port":"Value"},"Rows":{"id":"Node-11","port":"Value"},"Weld":{"id":"Node-8","port":"Value"}}},"Node-10":{"type":"github.com/EliCDavis/polyform/nodes.Struct[github.com/EliCDavis/polyform/formats/gltf.ModelNode]","assignedInput":{"Material":{"id":"Node-12","port":"Out"},"Mesh":{"id":"Node-1","port":"Out"}}},"Node-11":{"type":"github.com/EliCDavis/polyform/generator/parameter.Value[int]","data":{"name":"","description":"","currentValue":40}},"Node-12":{"type":"github.com/EliCDavis/polyform/nodes.Struct[github.com/EliCDavis/polyform/formats/gltf.MaterialNode]","assignedInput":{"Color":{"id":"Node-35","port":"Value"},"Roughness Factor":{"id":"Node-28","port":"Value"}}},"Node-14":{"type":"github.com/EliCDavis/polyform/nodes.Struct[github.com/EliCDavis/polyform/math/vector3.NewNode[float64]]","assignedInput":{"Y":{"id":"Node-33","port":"Float"}}},"Node-15":{"type":"github.com/EliCDavis/polyform/nodes.Struct[github.com/EliCDavis/polyform/modeling/primitives.HemisphereNode]"},"Node-16":{"type":"github.com/EliCDavis/polyform/nodes.Struct[github.com/EliCDavis/polyform/formats/gltf.ModelNode]","assignedInput":{"Material":{"id":"Node-12","port":"Out"},"Mesh":{"id":"Node-15","port":"Out"},"Translation":{"id":"Node-14","port":"Out"}}},"Node-19":{"type":"github.com/EliCDavis/polyform/generator/parameter.Value[float64]","data":{"name":"","description":"","currentValue":0.4}},"Node-2":{"type":"github.com/EliCDavis/polyform/nodes.Struct[github.com/EliCDavis/polyform/formats/gltf.ModelNode]","assignedInput":{"Material":{"id":"Node-3","port":"Out"},"Mesh":{"id":"Node-6","port":"Out"}}},"Node-20":{"type":"github.com/EliCDavis/polyform/nodes.Struct[github.com/EliCDavis/polyform/modeling/primitives.CylinderNode]","assignedInput":{"Height":{"id":"Node-34","port":"Value"},"Radius":{"id":"Node-27","port":"Value"}}},"Node-21":{"type":"github.com/EliCDavis/polyform/nodes.Struct[github.com/EliCDavis/polyform/formats/gltf.ModelNode]","assignedInput":{"Material":{"id":"Node-12","port":"Out"},"Mesh":{"id":"Node-20","port":"Out"},"Translation":{"id":"Node-22","port":"Out"}}},"Node-22":{"type":"github.com/EliCDavis/polyform/nodes.Struct[github.com/EliCDavis/polyform/math/vector3.NewNode[float64]]","assignedInput":{"Y":{"id":"Node-23","port":"Float"}}},"Node-23":{"type":"github.com/EliCDavis/polyform/nodes.Struct[github.com/EliCDavis/polyform/math.AddNode[float64]]","assignedInput":{"Values.0":{"id":"Node-29","port":"Float 64"},"Values.1":{"id":"Node-31","port":"Value"}}},"Node-27":{"type":"github.com/EliCDavis/polyform/generator/parameter.Value[float64]","data":{"name":"String Thickness","description":"","currentValue":0.05}},"Node-28":{"type":"github.com/EliCDavis/polyform/generator/parameter.Value[float64]","data":{"name":"","description":"","currentValue":0.3}},"Node-29":{"type":"github.com/EliCDavis/polyform/nodes.Struct[github.com/EliCDavis/polyform/math.HalfNode[float64]]","assignedInput":{"In":{"id":"Node-34","port":"Value"}}},"Node-3":{"type":"github.com/EliCDavis/polyform/nodes.Struct[github.com/EliCDavis/polyform/formats/gltf.MaterialNode]","assignedInput":{"Roughness Factor":{"id":"Node-4","port":"Value"}}},"Node-30":{"type":"github.com/EliCDavis/polyform/generator/variable.VariableReferenceNode[float64]","variable":"Radius"},"Node-31":{"type":"github.com/EliCDavis/polyform/generator/variable.VariableReferenceNode[float64]","variable":"Radius"},"Node-32":{"type":"github.com/EliCDavis/polyform/generator/variable.VariableReferenceNode[float64]","variable":"Radius"},"Node-33":{"type":"github.com/EliCDavis/polyform/nodes.Struct[github.com/EliCDavis/polyform/math.SubtractNode[float64]]","assignedInput":{"A":{"id":"Node-30","port":"Value"},"B":{"id":"Node-19","port":"Value"}}},"Node-34":{"type":"github.com/EliCDavis/polyform/generator/variable.VariableReferenceNode[float64]","variable":"String Length"},"Node-35":{"type":"github.com/EliCDavis/polyform/generator/variable.VariableReferenceNode[github.com/EliCDavis/polyform/drawing/coloring.Color]","variable":"Attachment Color"},"Node-4":{"type":"github.com/EliCDavis/polyform/generator/parameter.Value[float64]","data":{"name":"","description":"","currentValue":0.25}},"Node-5":{"type":"github.com/EliCDavis/polyform/nodes.Struct[github.com/EliCDavis/polyform/modeling/meshops.FlatNormalsNode]","assignedInput":{"Mesh":{"id":"Node-1","port":"Out"}}},"Node-6":{"type":"github.com/EliCDavis/polyform/nodes.Struct[github.com/EliCDavis/polyform/modeling/meshops.ScaleAttributeAlongNormalNode]","assignedInput":{"Amount":{"id":"Node-7","port":"Value"},"Mesh":{"id":"Node-5","port":"Out"}}},"Node-7":{"type":"github.com/EliCDavis/polyform/generator/parameter.Value[float64]","data":{"name":"","description":"","currentValue":0.02}},"Node-8":{"type":"github.com/EliCDavis/polyform/generator/parameter.Value[bool]","data":{"name":"","description":"","currentValue":false}}},"producers":{"disco.glb":{"nodeID":"Node-0","port":"Out"}},"variables":{"subgroups":{},"variables":{"Attachment Color":{"description":"Color of the aparatus that attaches to the disco ball","data":{"type":"coloring.Color","value":"#4b4848"}},"Radius":{"description":"Radius of the disco ball","data":{"type":"float64","value":1}},"String Length":{"description":"How long the string the disco ball hangs from","data":{"type":"float64","value":2}}}},