{"buffers":[{"byteLength":0,"uri":"data:application/octet-stream;base64,"}],"data":{"authors":[{"name":"Eli C Davis","contactInfo":[{"medium":"bsky.app","value":"@elicdavis.bsky.social"},{"medium":"github.com","value":"EliCDavis"}]}],"description":"Demo of catmull rom spline","metadata":{"nodes":{"Node-0":{"position":{"x":-63.88715343674483,"y":61.38813638737149}},"Node-10":{"position":{"x":-296.01176053404214,"y":368.1952747788825}},"Node-11":{"position":{"x":1526.1177989895623,"y":1172.249234285251}},"Node-12":{"position":{"x":4595,"y":-347}},"Node-13":{"position":{"x":4904,"y":-626}},"Node-14":{"position":{"x":4282,"y":-417}},"Node-15":{"position":{"x":4284,"y":-280}},"Node-16":{"position":{"x":0,"y":0}},"Node-17":{"position":{"x":2323.689968825298,"y":-342.94529897095566}},"Node-18":{"position":{"x":2114,"y":-337}},"Node-19":{"position":{"x":1402,"y":-486}},"Node-2":{"position":{"x":371,"y":197}},"Node-20":{"position":{"x":1759,"y":-346}},"Node-21":{"position":{"x":1424.2610507067516,"y":-92.52153819634535}},"Node-22":{"position":{"x":2742,"y":-317}},"Node-23":{"position":{"x":2536,"y":-332}},"Node-24":{"position":{"x":1785.049711020259,"y":757.8304899186616}},"Node-26":{"position":{"x":-284,"y":206}},"Node-27":{"position":{"x":1058.4640551154357,"y":-490.2790366669606}},"Node-28":{"position":{"x":754,"y":-514}},"Node-29":{"position":{"x":3974,"y":-170}},"Node-3":{"position":{"x":1371.9893317911367,"y":40.63984866899727}},"Node-30":{"position":{"x":3708,"y":-228}},"Node-31":{"position":{"x":4262,"y":-144}},"Node-32":{"position":{"x":1063,"y":-314}},"Node-33":{"position":{"x":1400,"y":-296}},"Node-34":{"position":{"x":815,"y":-215}},"Node-35":{"position":{"x":2320.6314143612367,"y":-524.3342868657022}},"Node-36":{"position":{"x":2105.403530027805,"y":-531.3020960707413}},"Node-37":{"position":{"x":1763,"y":-532}},"Node-38":{"position":{"x":2535.085097671885,"y":-525.1084878884843}},"Node-39":{"position":{"x":2743.3451728002783,"y":-514.2696735695345}},"Node-4":{"position":{"x":574.9299993002458,"y":222.88662502203022}},"Node-40":{"position":{"x":1040.5097509193054,"y":-676.5245271014606}},"Node-41":{"position":{"x":1398.2786489967436,"y":-679.840068171341}},"Node-42":{"position":{"x":709,"y":-678}},"Node-43":{"position":{"x":457,"y":-673}},"Node-44":{"position":{"x":4594,"y":-644}},"Node-45":{"position":{"x":4894,"y":-360}},"Node-46":{"position":{"x":4585,"y":-1077}},"Node-47":{"position":{"x":4294,"y":-756}},"Node-48":{"position":{"x":1551,"y":1041}},"Node-49":{"position":{"x":1543,"y":887}},"Node-50":{"position":{"x":1434,"y":1312}},"Node-51":{"position":{"x":328,"y":926}},"Node-52":{"position":{"x":1281,"y":478}},"Node-53":{"position":{"x":65,"y":929}},"Node-54":{"position":{"x":93,"y":841}},"Node-55":{"position":{"x":1124,"y":1305}},"Node-56":{"position":{"x":69,"y":1198}},"Node-57":{"position":{"x":58,"y":1067}},"Node-58":{"position":{"x":4298,"y":-605}},"Node-59":{"position":{"x":4091,"y":-603}},"Node-6":{"position":{"x":1009.3304499936935,"y":-35.42016336216387}},"Node-60":{"position":{"x":3593,"y":-686}},"Node-61":{"position":{"x":3835,"y":-614}},"Node-62":{"position":{"x":3570,"y":-543}},"Node-63":{"position":{"x":1073,"y":-291}},"Node-64":{"position":{"x":732,"y":-668}},"Node-65":{"position":{"x":1541,"y":883}},"Node-66":{"position":{"x":1547,"y":1025}},"Node-67":{"position":{"x":574,"y":937}},"Node-68":{"position":{"x":1527,"y":766}},"Node-69":{"position":{"x":325,"y":339}},"Node-7":{"position":{"x":2153.3938832578715,"y":873.9345080971649}},"Node-70":{"position":{"x":-263,"y":78}},"Node-8":{"position":{"x":1836,"y":1201}},"Node-9":{"position":{"x":5402,"y":219}}},"notes":{"1":{"position":{"x":1593,"y":699},"text":"# Plank Model\n","width":809.4522684911569},"2":{"position":{"x":1823,"y":-594},"text":"# Rail Spline Positioning\n\n","width":1074.9673616812083},"3":{"position":{"x":524.2183422047796,"y":-765.4172332249814},"text":"# Rail Offset\n","width":1070.1737549584213},"4":{"position":{"x":72,"y":870},"text":"# Rough Texture\n","width":652.3529405493196}}},"name":"Rails","nodes":{"Node-0":{"type":"github.com/EliCDavis/polyform/nodes.Struct[github.com/EliCDavis/polyform/math/curves.CatmullRomSplineNode]","assignedInput":{"Points":{"id":"Node-70","port":"Value"}}},"Node-10":{"type":"github.com/EliCDavis/polyform/generator/parameter.Value[float64]","data":{"name":"Plank Height","description":"","currentValue":0.1}},"Node-11":{"type":"github.com/EliCDavis/polyform/generator/parameter.Value[float64]","data":{"name":"","description":"","currentValue":0.5}},"Node-12":{"type":"github.com/EliCDavis/polyform/nodes.Struct[github.com/EliCDavis/polyform/modeling/extrude.CircleAlongSplineNode]","assignedInput":{"Circle Resolution":{"id":"Node-14","port":"Value"},"Radius":{"id":"Node-15","port":"Value"},"Spline":{"id":"Node-22","port":"Out"},"Spline Resolution":{"id":"Node-31","port":"Int"},"UVs":{"id":"Node-58","port":"Out"}}},"Node-13":{"type":"github.com/EliCDavis/polyform/nodes.Struct[github.com/EliCDavis/polyform/formats/gltf.ModelNode]","assignedInput":{"Material":{"id":"Node-46","port":"Out"},"Mesh":{"id":"Node-12","port":"Out"}}},"Node-14":{"type":"github.com/EliCDavis/polyform/generator/parameter.Value[int]","data":{"name":"","description":"","currentValue":10}},"Node-15":{"type":"github.com/EliCDavis/polyform/generator/parameter.Value[float64]","data":{"name":"","description":"","currentValue":0.05}},"Node-17":{"type":"github.com/EliCDavis/polyform/nodes.Struct[github.com/EliCDavis/polyform/math/trs.MultiplyArrayNode]","assignedInput":{"A":{"id":"Node-3","port":"Out"},"B":{"id":"Node-18","port":"Out"}}},"Node-18":{"type":"github.com/EliCDavis/polyform/nodes.Struct[github.com/EliCDavis/polyform/math/trs.ArrayNode]","assignedInput":{"Position":{"id":"Node-20","port":"Out"}}},"Node-19":{"type":"github.com/EliCDavis/polyform/nodes.Struct[github.com/EliCDavis/polyform/nodes/experimental.SampleNode]","assignedInput":{"End":{"id":"Node-27","port":"Float"},"Samples":{"id":"Node-6","port":"Int"},"Start":{"id":"Node-27","port":"Float"}}},"Node-2":{"type":"github.com/EliCDavis/polyform/nodes.Struct[github.com/EliCDavis/polyform/math/curves.LengthNode]","assignedInput":{"Spline":{"id":"Node-0","port":"Out"}}},"Node-20":{"type":"github.com/EliCDavis/polyform/nodes.Struct[github.com/EliCDavis/polyform/math/vector3.ArrayFromComponentsNode[float64]]","assignedInput":{"X":{"id":"Node-19","port":"Out"},"Y":{"id":"Node-33","port":"Out"}}},"Node-22":{"type":"github.com/EliCDavis/polyform/nodes.Struct[github.com/EliCDavis/polyform/math/curves.CatmullRomSplineNode]","assignedInput":{"Points":{"id":"Node-23","port":"Position"}}},"Node-23":{"type":"github.com/EliCDavis/polyform/nodes.Struct[github.com/EliCDavis/polyform/math/trs.SelectArrayNode]","assignedInput":{"TRS":{"id":"Node-17","port":"Out"}}},"Node-24":{"type":"github.com/EliCDavis/polyform/nodes.Struct[github.com/EliCDavis/polyform/formats/gltf.MaterialNode]","assignedInput":{"Color":{"id":"Node-68","port":"Value"},"Color Texture":{"id":"Node-67","port":"Out"},"Metallic Factor":{"id":"Node-65","port":"Float 64"},"Roughness Factor":{"id":"Node-66","port":"Float 64"}}},"Node-26":{"type":"github.com/EliCDavis/polyform/generator/parameter.Value[float64]","data":{"name":"Plank Width","description":"","currentValue":1}},"Node-27":{"type":"github.com/EliCDavis/polyform/nodes.Struct[github.com/EliCDavis/polyform/math.DivideNode[float64]]","assignedInput":{"Dividend":{"id":"Node-26","port":"Value"},"Divisor":{"id":"Node-28","port":"Value"}}},"Node-28":{"type":"github.com/EliCDavis/polyform/generator/parameter.Value[float64]","data":{"name":"","description":"","currentValue":3}},"Node-29":{"type":"github.com/EliCDavis/polyform/nodes.Struct[github.com/EliCDavis/polyform/math.MultiplyNode[float64]]","assignedInput":{"Values.0":{"id":"Node-30","port":"Value"},"Values.1":{"id":"Node-4","port":"Float"}}},