{"buffers":[{"byteLength":0,"uri":"data:application/octet-stream;base64,"}],"data":{"authors":[{"name":"Eli C Davis","contactInfo":[{"medium":"bsky.app","value":"@elicdavis.bsky.social"},{"medium":"github.com","value":"EliCDavis"}]}],"description":"Immutable mesh processing program","metadata":{"nodes":{"Node-0":{"position":{"x":1188.7837232724194,"y":328.4497218741877}},"Node-1":{"position":{"x":-349.9387838762593,"y":287.3111641222103}},"Node-10":{"position":{"x":1191.4320252400191,"y":41.606484961036166}},"Node-11":{"position":{"x":1402.7664759148468,"y":53.21068168069988}},"Node-12":{"position":{"x":1406.2289808790872,"y":346.4178241297759}},"Node-13":{"position":{"x":1793.2379604953671,"y":18.947939065848924}},"Node-14":{"position":{"x":2139.9442311393873,"y":32.471942530686626}},"Node-15":{"position":{"x":3847.1424212478223,"y":183.70574249743325}},"Node-16":{"position":{"x":1788.3201410536078,"y":293.11637294392295}},"Node-17":{"position":{"x":3592.181600228275,"y":132.95710761707326}},"Node-18":{"position":{"x":-16.93724221917293,"y":-10.162345331503758}},"Node-19":{"position":{"x":1450.34805510366,"y":535.9659076092325}},"Node-2":{"position":{"x":533.2458643581643,"y":15.108243809300447}},"Node-20":{"position":{"x":-99.92972909312029,"y":233.73394262458675}},"Node-21":{"position":{"x":-399.71891637248115,"y":54.199175101353376}},"Node-22":{"position":{"x":2592.4417693177347,"y":296.11686135009865}},"Node-23":{"position":{"x":2272.1693508116437,"y":629.9601450471241}},"Node-24":{"position":{"x":1814.8311938770964,"y":591.9617225125028}},"Node-25":{"position":{"x":2269.4551777734523,"y":460.324330160423}},"Node-26":{"position":{"x":2509.6594916530194,"y":-189.7201124854101}},"Node-27":{"position":{"x":2278.9547834071077,"y":-6.513432407774266}},"Node-28":{"position":{"x":3337.0548885513153,"y":353.5570144892378}},"Node-29":{"position":{"x":3028.8827468383965,"y":427.1142520452988}},"Node-3":{"position":{"x":900.5316924206603,"y":258.44784724179317}},"Node-30":{"position":{"x":2700.384214882976,"y":560.520023807891}},"Node-31":{"position":{"x":175.44894565881992,"y":104.73447361050012}},"Node-4":{"position":{"x":904.8025908453963,"y":426.72124517638787}},"Node-5":{"position":{"x":386.2226240227034,"y":454.22892137974947}},"Node-6":{"position":{"x":381.109848959797,"y":324.1651593930313}},"Node-7":{"position":{"x":603.9980942730168,"y":201.56010441752966}},"Node-8":{"position":{"x":892.2033113307812,"y":-62.230344865677445}},"Node-9":{"position":{"x":901.1355117459835,"y":97.4327375560433}}}},"name":"Polyform","nodes":{"Node-0":{"type":"github.com/EliCDavis/polyform/nodes.Struct[github.com/EliCDavis/polyform/math/vector3.NewArrayNodeData]","assignedInput":{"X":{"dependencyID":"Node-3","dependencyPort":"Out"},"Z":{"dependencyID":"Node-4","dependencyPort":"Out"}}},"Node-10":{"type":"github.com/EliCDavis/polyform/nodes.Struct[github.com/EliCDavis/polyform/math/vector3.NewArrayNodeData]","assignedInput":{"X":{"dependencyID":"Node-8","dependencyPort":"Out"},"Z":{"dependencyID":"Node-9","dependencyPort":"Out"}}},"Node-11":{"type":"github.com/EliCDavis/polyform/nodes.Struct[github.com/EliCDavis/polyform/math/curves.CatmullRomSplineNodeData]","assignedInput":{"Points":{"dependencyID":"Node-10","dependencyPort":"Out"}}},"Node-12":{"type":"github.com/EliCDavis/polyform/nodes.Struct[github.com/EliCDavis/polyform/math/curves.CatmullRomSplineNodeData]","assignedInput":{"Points":{"dependencyID":"Node-0","dependencyPort":"Out"}}},"Node-13":{"type":"github.com/EliCDavis/polyform/nodes.Struct[github.com/EliCDavis/polyform/modeling/extrude.CircleAlongSplineNodeData]","assignedInput":{"Radius":{"dependencyID":"Node-19","dependencyPort":"Value"},"Spline":{"dependencyID":"Node-11","dependencyPort":"Out"},"SplineResolution":{"dependencyID":"Node-18","dependencyPort":"Value"}}},"Node-15":{"type":"github.com/EliCDavis/polyform/nodes.Struct[github.com/EliCDavis/polyform/formats/gltf.ArtifactNodeData]","assignedInput":{"Models.0":{"dependencyID":"Node-17","dependencyPort":"Out"}}},"Node-16":{"type":"github.com/EliCDavis/polyform/nodes.Struct[github.com/EliCDavis/polyform/modeling/extrude.CircleAlongSplineNodeData]","assignedInput":{"Radius":{"dependencyID":"Node-19","dependencyPort":"Value"},"Spline":{"dependencyID":"Node-12","dependencyPort":"Out"},"SplineResolution":{"dependencyID":"Node-18","dependencyPort":"Value"}}},"Node-17":{"type":"github.com/EliCDavis/polyform/nodes.Struct[github.com/EliCDavis/polyform/formats/gltf.ModelNodeData]","assignedInput":{"Material":{"dependencyID":"Node-26","dependencyPort":"Out"},"Mesh":{"dependencyID":"Node-22","dependencyPort":"Out"},"Rotation":{"dependencyID":"Node-28","dependencyPort":"Out"}}},"Node-18":{"type":"github.com/EliCDavis/polyform/generator/parameter.Value[int]","assignedInput":{},"data":{"name":"","description":"","currentValue":20,"defaultValue":0,"cli":null}},"Node-19":{"type":"github.com/EliCDavis/polyform/generator/parameter.Value[float64]","assignedInput":{},"data":{"name":"","description":"","currentValue":0.25,"defaultValue":0,"cli":null}},"Node-2":{"type":"github.com/EliCDavis/polyform/nodes.Struct[github.com/EliCDavis/polyform/nodes/experimental.SampleNodeData]","assignedInput":{"End":{"dependencyID":"Node-31","dependencyPort":"Pi"},"Samples":{"dependencyID":"Node-18","dependencyPort":"Value"}}},"Node-22":{"type":"github.com/EliCDavis/polyform/nodes.Struct[github.com/EliCDavis/polyform/modeling/meshops.CombineNodeData]","assignedInput":{"Meshes.0":{"dependencyID":"Node-16","dependencyPort":"Out"},"Meshes.1":{"dependencyID":"Node-13","dependencyPort":"Out"},"Meshes.2":{"dependencyID":"Node-23","dependencyPort":"Out"},"Meshes.3":{"dependencyID":"Node-25","dependencyPort":"Out"}}},"Node-23":{"type":"github.com/EliCDavis/polyform/nodes.Struct[github.com/EliCDavis/polyform/modeling/meshops.TranslateAttribute3DNodeData]","assignedInput":{"Amount":{"dependencyID":"Node-24","dependencyPort":"Out"},"Mesh":{"dependencyID":"Node-16","dependencyPort":"Out"}}},"Node-24":{"type":"github.com/EliCDavis/polyform/nodes.Struct[github.com/EliCDavis/polyform/math/vector3.NewNodeData[float64]]","assignedInput":{"Y":{"dependencyID":"Node-6","dependencyPort":"Value"}}},"Node-25":{"type":"github.com/EliCDavis/polyform/nodes.Struct[github.com/EliCDavis/polyform/modeling/meshops.TranslateAttribute3DNodeData]","assignedInput":{"Amount":{"dependencyID":"Node-24","dependencyPort":"Out"},"Mesh":{"dependencyID":"Node-13","dependencyPort":"Out"}}},"Node-26":{"type":"github.com/EliCDavis/polyform/nodes.Struct[github.com/EliCDavis/polyform/formats/gltf.MaterialNodeData]","assignedInput":{"RoughnessFactor":{"dependencyID":"Node-27","dependencyPort":"Value"}}},"Node-27":{"type":"github.com/EliCDavis/polyform/generator/parameter.Value[float64]","assignedInput":{},"data":{"name":"","description":"","currentValue":0.1,"defaultValue":0,"cli":null}},"Node-28":{"type":"github.com/EliCDavis/polyform/nodes.Struct[github.com/EliCDavis/polyform/math/quaternion.FromEulerAngleNodeData]","assignedInput":{"Angle":{"dependencyID":"Node-29","dependencyPort":"Out"}}},"Node-29":{"type":"github.com/EliCDavis/polyform/nodes.Struct[github.com/EliCDavis/polyform/math/vector3.NewNodeData[float64]]","assignedInput":{"Z":{"dependencyID":"Node-31","dependencyPort":"Pi / 2"}}},"Node-3":{"type":"github.com/EliCDavis/polyform/nodes.Struct[github.com/EliCDavis/polyform/math/trig.SinArrayNodeData]","assignedInput":{"Amplitude":{"dependencyID":"Node-5","dependencyPort":"Value"},"Input":{"dependencyID":"Node-2","dependencyPort":"Out"}}},"Node-31":{"type":"github.com/EliCDavis/polyform/math/constant.Pi","assignedInput":{}},"Node-4":{"type":"github.com/EliCDavis/polyform/nodes.Struct[github.com/EliCDavis/polyform/math/trig.CosArrayNodeData]","assignedInput":{"Amplitude":{"dependencyID":"Node-5","dependencyPort":"Value"},"Input":{"dependencyID":"Node-2","dependencyPort":"Out"}}},"Node-5":{"type":"github.com/EliCDavis/polyform/generator/parameter.Value[float64]",