{"buffers":[{"byteLength":0,"uri":"data:application/octet-stream;base64,"}],"data":{"description":"Immutable mesh processing program","metadata":{"nodes":{"Node-0":{"position":{"x":677.8841303757923,"y":481.070699984879}},"Node-1":{"position":{"x":-865.6487203325164,"y":88.36951250639504}},"Node-10":{"position":{"x":-445.9593648804378,"y":320.80359879135307}},"Node-11":{"position":{"x":-1121.5806608422997,"y":32.805342260763354}},"Node-12":{"position":{"x":-880.0215812414846,"y":316.58610137764816}},"Node-13":{"position":{"x":-1256.486969081928,"y":428.61590557871114}},"Node-14":{"position":{"x":-694.1003689678361,"y":1699.6611368278777}},"Node-15":{"position":{"x":-689.8328170415456,"y":1481.516621081329}},"Node-16":{"position":{"x":-414.9462036365279,"y":1598.9785935044783}},"Node-17":{"position":{"x":-1482.6966411470917,"y":990.4374561615903}},"Node-18":{"position":{"x":-959.7460069538656,"y":1674.1242080733027}},"Node-19":{"position":{"x":-1205.760686389719,"y":1710.883050968334}},"Node-2":{"position":{"x":55.517716514193935,"y":17.557879656102283}},"Node-20":{"position":{"x":-145.38196648144552,"y":1034.1672664960306}},"Node-21":{"position":{"x":310.78057164805637,"y":1097.542839796933}},"Node-22":{"position":{"x":43.94081185374791,"y":1292.2143043225874}},"Node-23":{"position":{"x":-143,"y":1307}},"Node-24":{"position":{"x":-706,"y":1068}},"Node-25":{"position":{"x":-478,"y":1135}},"Node-26":{"position":{"x":-657,"y":1116}},"Node-27":{"position":{"x":-453,"y":976}},"Node-28":{"position":{"x":-1240.1185211458549,"y":573.4315565481248}},"Node-29":{"position":{"x":-424,"y":1202}},"Node-3":{"position":{"x":-293,"y":-341}},"Node-30":{"position":{"x":382,"y":-81}},"Node-31":{"position":{"x":259,"y":-81}},"Node-32":{"position":{"x":285,"y":175.77499389648438}},"Node-4":{"position":{"x":-541,"y":-146}},"Node-5":{"position":{"x":-567,"y":156}},"Node-6":{"position":{"x":-325,"y":77}},"Node-7":{"position":{"x":-575,"y":19}},"Node-8":{"position":{"x":-1129.4879744370987,"y":199.19735531576646}},"Node-9":{"position":{"x":-918.1727805571614,"y":588.683581109705}}},"notes":{"1":{"position":{"x":-1036.918299605814,"y":1527.1463694478866},"text":"# Top Base\n\nPart that connects the disco ball to what it hangs from","width":300},"2":{"position":{"x":24.343389777761907,"y":992.2362863954553},"text":"# String\n\nWhat the disco ball hangs from","width":300}}},"name":"Polyform","nodes":{"Node-0":{"type":"github.com/EliCDavis/polyform/nodes.Struct[github.com/EliCDavis/polyform/formats/gltf.ArtifactNodeData]","assignedInput":{"Models.0":{"id":"Node-10","port":"Out"},"Models.1":{"id":"Node-16","port":"Out"},"Models.2":{"id":"Node-21","port":"Out"},"Models.3":{"id":"Node-2","port":"Out"}}},"Node-1":{"type":"github.com/EliCDavis/polyform/nodes.Struct[github.com/EliCDavis/polyform/modeling/primitives.UvSphereNodeData]","assignedInput":{"Columns":{"id":"Node-11","port":"Value"},"Radius":{"id":"Node-17","port":"Value"},"Rows":{"id":"Node-11","port":"Value"},"Weld":{"id":"Node-8","port":"Value"}}},"Node-10":{"type":"github.com/EliCDavis/polyform/nodes.Struct[github.com/EliCDavis/polyform/formats/gltf.ModelNodeData]","assignedInput":{"Material":{"id":"Node-12","port":"Out"},"Mesh":{"id":"Node-1","port":"Out"}}},"Node-11":{"type":"github.com/EliCDavis/polyform/generator/parameter.Value[int]","assignedInput":{},"data":{"name":"","description":"","currentValue":40,"defaultValue":0,"cli":null}},"Node-12":{"type":"github.com/EliCDavis/polyform/nodes.Struct[github.com/EliCDavis/polyform/formats/gltf.MaterialNodeData]","assignedInput":{"Color":{"id":"Node-13","port":"Value"},"Roughness Factor":{"id":"Node-28","port":"Value"}}},"Node-13":{"type":"github.com/EliCDavis/polyform/generator/parameter.Value[github.com/EliCDavis/polyform/drawing/coloring.WebColor]","assignedInput":{},"data":{"name":"Color","description":"","currentValue":"#2d2a2a","defaultValue":"#ffffff","cli":null}},"Node-14":{"type":"github.com/EliCDavis/polyform/nodes.Struct[github.com/EliCDavis/polyform/math/vector3.NewNodeData[float64]]","assignedInput":{"Y":{"id":"Node-18","port":"Out"}}},"Node-15":{"type":"github.com/EliCDavis/polyform/nodes.Struct[github.com/EliCDavis/polyform/modeling/primitives.HemisphereNodeData]","assignedInput":{}},"Node-16":{"type":"github.com/EliCDavis/polyform/nodes.Struct[github.com/EliCDavis/polyform/formats/gltf.ModelNodeData]","assignedInput":{"Material":{"id":"Node-12","port":"Out"},"Mesh":{"id":"Node-15","port":"Out"},"Translation":{"id":"Node-14","port":"Out"}}},"Node-17":{"type":"github.com/EliCDavis/polyform/generator/parameter.Value[float64]","assignedInput":{},"data":{"name":"Radius","description":"","currentValue":1,"defaultValue":0,"cli":null}},"Node-18":{"type":"github.com/EliCDavis/polyform/nodes.Struct[github.com/EliCDavis/polyform/math.DivideNodeData[float64]]","assignedInput":{"Dividend":{"id":"Node-17","port":"Value"},"Divisor":{"id":"Node-19","port":"Value"}}},"Node-19":{"type":"github.com/EliCDavis/polyform/generator/parameter.Value[float64]","assignedInput":{},"data":{"name":"","description":"","currentValue":1.7,"defaultValue":0,"cli":null}},"Node-2":{"type":"github.com/EliCDavis/polyform/nodes.Struct[github.com/EliCDavis/polyform/formats/gltf.ModelNodeData]","assignedInput":{"Material":{"id":"Node-3","port":"Out"},"Mesh":{"id":"Node-6","port":"Out"}}},"Node-20":{"type":"github.com/EliCDavis/polyform/nodes.Struct[github.com/EliCDavis/polyform/modeling/primitives.CylinderNodeData]","assignedInput":{"Height":{"id":"Node-24","port":"Value"},"Radius":{"id":"Node-27","port":"Value"}}},"Node-21":{"type":"github.com/EliCDavis/polyform/nodes.Struct[github.com/EliCDavis/polyform/formats/gltf.ModelNodeData]","assignedInput":{"Material":{"id":"Node-12","port":"Out"},"Mesh":{"id":"Node-20","port":"Out"},"Translation":{"id":"Node-22","port":"Out"}}},"Node-22":{"type":"github.com/EliCDavis/polyform/nodes.Struct[github.com/EliCDavis/polyform/math/vector3.NewNodeData[float64]]","assignedInput":{"Y":{"id":"Node-23","port":"Out"}}},"Node-23":{"type":"github.com/EliCDavis/polyform/nodes.Struct[github.com/EliCDavis/polyform/math.SumNodeData[float64]]","assignedInput":{"Values.0":{"id":"Node-17","port":"Value"},"Values.1":{"id":"Node-29","port":"Float 64"}}},"Node-24":{"type":"github.com/EliCDavis/polyform/generator/parameter.Value[float64]","assignedInput":{},"data":{"name":"String Length","description":"","currentValue":2,"defaultValue":0,"cli":null}},"Node-27":{"type":"github.com/EliCDavis/polyform/generator/parameter.Value[float64]","assignedInput":{},"data":{"name":"String Thickness","description":"","currentValue":0.05,"defaultValue":0,"cli":null}},"Node-28":{"type":"github.com/EliCDavis/polyform/generator/parameter.Value[float64]","assignedInput":{},"data":{"name":"","description":"","currentValue":0.3,"defaultValue":0,"cli":null}},"Node-29":{"type":"github.com/EliCDavis/polyform/nodes.Struct[github.com/EliCDavis/polyform/math.HalfNode[float64]]","assignedInput":{"In":{"id":"Node-24","port":"Value"}}},"Node-3":{"type":"github.com/EliCDavis/polyform/nodes.Struct[github.com/EliCDavis/polyform/formats/gltf.MaterialNodeData]","assignedInput":{"Roughness Factor":{"id":"Node-4","port":"Value"}}},"Node-4":{"type":"github.com/EliCDavis/polyform/generator/parameter.Value[float64]","assignedInput":{},"data":{"name":"","description":"","currentValue":0.25,"defaultValue":0,"cli":null}},"Node-5":{"type":"github.com/EliCDavis/polyform/nodes.Struct[github.com/EliCDavis/polyform/modeling/meshops.FlatNormalsNodeData]","assignedInput":{"Mesh":{"id":"Node-1","port":"Out"}}},"Node-6":{"type":"github.com/EliCDavis/polyform/nodes.Struct[github.com/EliCDavis/polyform/modeling/meshops.ScaleAttributeAlongNormalNodeData]","assignedInput":{"Amount":{"id":"Node-7","port":"Value"},"Mesh":{"id":"Node-5","port":"Out"}}},"Node-7":{"type":"github.com/EliCDavis/polyform/generator/parameter.Value[float64]","assignedInput":{},"data":{"name":"","description":"","currentValue":0.02,"defaultValue":0,"cli":null}},