{"buffers":[{"byteLength":0,"uri":"data:application/octet-stream;base64,"}],"data":{"authors":[{"name":"Eli C Davis","contactInfo":[{"medium":"bsky.app","value":"@elicdavis.bsky.social"},{"medium":"github.com","value":"EliCDavis"}]}],"description":"Immutable mesh processing program","metadata":{"nodes":{"Node-0":{"position":{"x":-63.88715343674483,"y":61.38813638737149}},"Node-1":{"position":{"x":-291,"y":96}},"Node-10":{"position":{"x":-296.01176053404214,"y":368.1952747788825}},"Node-11":{"position":{"x":1526.1177989895623,"y":1172.249234285251}},"Node-12":{"position":{"x":4595,"y":-383}},"Node-13":{"position":{"x":4904,"y":-626}},"Node-14":{"position":{"x":4280,"y":-436}},"Node-15":{"position":{"x":4284,"y":-280}},"Node-16":{"position":{"x":0,"y":0}},"Node-17":{"position":{"x":2323.689968825298,"y":-342.94529897095566}},"Node-18":{"position":{"x":2110.9769552376047,"y":-347.0447435553069}},"Node-19":{"position":{"x":1395.1431023454243,"y":-501.3040211409594}},"Node-2":{"position":{"x":371,"y":197}},"Node-20":{"position":{"x":1912.6969851453366,"y":-345.58744330443034}},"Node-21":{"position":{"x":1424.2610507067516,"y":-92.52153819634535}},"Node-22":{"position":{"x":2738.4577592123087,"y":-349.3293441602837}},"Node-23":{"position":{"x":2546.3359932440135,"y":-355.93473111591464}},"Node-24":{"position":{"x":1785.049711020259,"y":757.8304899186616}},"Node-25":{"position":{"x":1549,"y":757}},"Node-26":{"position":{"x":-286,"y":234}},"Node-27":{"position":{"x":1058.4640551154357,"y":-490.2790366669606}},"Node-28":{"position":{"x":774,"y":-534}},"Node-29":{"position":{"x":3974,"y":-170}},"Node-3":{"position":{"x":1371.9893317911367,"y":40.63984866899727}},"Node-30":{"position":{"x":3708,"y":-228}},"Node-31":{"position":{"x":4262,"y":-144}},"Node-32":{"position":{"x":1063,"y":-314}},"Node-33":{"position":{"x":1389.9711058031808,"y":-325.08137665083694}},"Node-34":{"position":{"x":815,"y":-215}},"Node-35":{"position":{"x":2320.6314143612367,"y":-524.3342868657022}},"Node-36":{"position":{"x":2105.403530027805,"y":-531.3020960707413}},"Node-37":{"position":{"x":1903.337063081669,"y":-532.0762970935234}},"Node-38":{"position":{"x":2535.085097671885,"y":-525.1084878884843}},"Node-39":{"position":{"x":2743.3451728002783,"y":-514.2696735695345}},"Node-4":{"position":{"x":574.9299993002458,"y":222.88662502203022}},"Node-40":{"position":{"x":1040.5097509193054,"y":-676.5245271014606}},"Node-41":{"position":{"x":1398.2786489967436,"y":-679.840068171341}},"Node-42":{"position":{"x":709,"y":-678}},"Node-43":{"position":{"x":457,"y":-673}},"Node-44":{"position":{"x":4594,"y":-644}},"Node-45":{"position":{"x":4894,"y":-360}},"Node-46":{"position":{"x":4576,"y":-1029}},"Node-47":{"position":{"x":4294,"y":-756}},"Node-48":{"position":{"x":1551,"y":1041}},"Node-49":{"position":{"x":1543,"y":887}},"Node-5":{"position":{"x":-297.182289118033,"y":510.6200037276152}},"Node-50":{"position":{"x":1434,"y":1312}},"Node-51":{"position":{"x":2923,"y":357}},"Node-52":{"position":{"x":3168,"y":374}},"Node-53":{"position":{"x":2607,"y":255}},"Node-54":{"position":{"x":854,"y":457}},"Node-55":{"position":{"x":1124,"y":1305}},"Node-56":{"position":{"x":2598,"y":540}},"Node-57":{"position":{"x":2603,"y":401}},"Node-58":{"position":{"x":4298,"y":-605}},"Node-59":{"position":{"x":4091,"y":-603}},"Node-6":{"position":{"x":1009.3304499936935,"y":-35.42016336216387}},"Node-60":{"position":{"x":3593,"y":-686}},"Node-61":{"position":{"x":3835,"y":-614}},"Node-62":{"position":{"x":3565,"y":-552}},"Node-63":{"position":{"x":1082,"y":-310}},"Node-64":{"position":{"x":732,"y":-668}},"Node-65":{"position":{"x":1541,"y":896}},"Node-66":{"position":{"x":1547,"y":1025}},"Node-7":{"position":{"x":2153.3938832578715,"y":873.9345080971649}},"Node-8":{"position":{"x":1823,"y":1188}},"Node-9":{"position":{"x":5402,"y":219}}},"notes":{"1":{"position":{"x":1498.573620731126,"y":698.6389150579892},"text":"# Plank Model\n","width":809.4522684911569},"2":{"position":{"x":1921.6812899462725,"y":-593.7769052227452},"text":"# Rail Spline Positioning\n\n","width":990.2578462744278},"3":{"position":{"x":524.2183422047796,"y":-765.4172332249814},"text":"# Rail Offset\n","width":1070.1737549584213}}},"name":"Polyform","nodes":{"Node-0":{"type":"github.com/EliCDavis/polyform/nodes.Struct[github.com/EliCDavis/polyform/math/curves.CatmullRomSplineNodeData]","assignedInput":{"Points":{"id":"Node-1","port":"Value"}}},"Node-1":{"type":"github.com/EliCDavis/polyform/generator/parameter.Value[[]github.com/EliCDavis/vector/vector3.Vector[float64]]","assignedInput":{},"data":{"name":"Path","description":"","currentValue":[{"x":-16.925216842578376,"y":0,"z":5.341649568967187},{"x":-7.618278345058215,"y":1.3238908745259224,"z":7.907018851722775},{"x":0.10535059967702343,"y":0,"z":3.053810430201001},{"x":5.738685480314391,"y":0.9164425749012219,"z":6.301333536362303},{"x":14.361278576819767,"y":-1.2477900353961333,"z":8.921599541491787},{"x":23.63192537220169,"y":0,"z":1.71452469613192},{"x":31.238994352832716,"y":0,"z":8.607007144114087}],"defaultValue":null,"cli":null}},"Node-10":{"type":"github.com/EliCDavis/polyform/generator/parameter.Value[float64]","assignedInput":{},"data":{"name":"Plank Height","description":"","currentValue":0.1,"defaultValue":0,"cli":null}},"Node-11":{"type":"github.com/EliCDavis/polyform/generator/parameter.Value[float64]","assignedInput":{},"data":{"name":"","description":"","currentValue":0.5,"defaultValue":0,"cli":null}},"Node-12":{"type":"github.com/EliCDavis/polyform/nodes.Struct[github.com/EliCDavis/polyform/modeling/extrude.CircleAlongSplineNodeData]","assignedInput":{"Circle Resolution":{"id":"Node-14","port":"Value"},"Radius":{"id":"Node-15","port":"Value"},"Spline":{"id":"Node-22","port":"Out"},"Spline Resolution":{"id":"Node-31","port":"Int"},"UVs":{"id":"Node-58","port":"Out"}}},"Node-13":{"type":"github.com/EliCDavis/polyform/nodes.Struct[github.com/EliCDavis/polyform/formats/gltf.ModelNodeData]","assignedInput":{"Material":{"id":"Node-46","port":"Out"},"Mesh":{"id":"Node-12","port":"Out"}}},"Node-14":{"type":"github.com/EliCDavis/polyform/generator/parameter.Value[int]","assignedInput":{},"data":{"name":"","description":"","currentValue":10,"defaultValue":0,"cli":null}},"Node-15":{"type":"github.com/EliCDavis/polyform/generator/parameter.Value[float64]","assignedInput":{},"data":{"name":"","description":"","currentValue":0.05,"defaultValue":0,"cli":null}},"Node-17":{"type":"github.com/EliCDavis/polyform/nodes.Struct[github.com/EliCDavis/polyform/math/trs.MultiplyArrayNodeData]","assignedInput":{"A":{"id":"Node-3","port":"Out"},"B":{"id":"Node-18","port":"Out"}}},"Node-18":{"type":"github.com/EliCDavis/polyform/nodes.Struct[github.com/EliCDavis/polyform/math/trs.ArrayNodeData]","assignedInput":{"Position":{"id":"Node-20","port":"Out"}}},"Node-19":{"type":"github.com/EliCDavis/polyform/nodes.Struct[github.com/EliCDavis/polyform/nodes/experimental.SampleNodeData]","assignedInput":{"End":{"id":"Node-27","port":"Out"},"Samples":{"id":"Node-6","port":"Int"},"Start":{"id":"Node-27","port":"Out"}}},"Node-2":{"type":"github.com/EliCDavis/polyform/nodes.Struct[github.com/EliCDavis/polyform/math/curves.LengthNodeData]","assignedInput":{"Spline":{"id":"Node-0","port":"Out"}}},"Node-20":{"type":"github.com/EliCDavis/polyform/nodes.Struct[github.com/EliCDavis/polyform/math/vector3.NewArrayNodeData[float64]]","assignedInput":{"X":{"id":"Node-19","port":"Out"},"Y":{"id":"Node-33","port":"Out"}}},"Node-22":{"type":"github.com/EliCDavis/polyform/nodes.Struct[github.com/EliCDavis/polyform/math/curves.CatmullRomSplineNodeData]","assignedInput":{"Points":{"id":"Node-23","port":"Position"}}},"Node-23":{"type":"github.com/EliCDavis/polyform/nodes.Struct[github.com/EliCDavis/polyform/math/trs.SelectArrayNodeData]","assignedInput":{"TRS":{"id":"Node-17","port":"Out"}}},"Node-24":{"type":"github.com/EliCDavis/polyform/nodes.Struct[github.com/EliCDavis/polyform/formats/gltf.MaterialNodeData]",