{"buffers":[{"byteLength":0,"uri":"data:application/octet-stream;base64,"}],"data":{"authors":[{"name":"Eli C Davis","contactInfo":[{"medium":"bsky.app","value":"@elicdavis.bsky.social"},{"medium":"github.com","value":"EliCDavis"}]}],"description":"Immutable mesh processing program","metadata":{"nodes":{"Node-0":{"position":{"x":-63.88715343674483,"y":61.38813638737149}},"Node-1":{"position":{"x":-290.81880255525675,"y":95.82320713704081}},"Node-10":{"position":{"x":-296.01176053404214,"y":368.1952747788825}},"Node-11":{"position":{"x":1526.1177989895623,"y":1172.249234285251}},"Node-12":{"position":{"x":4161.665807397845,"y":-348.32848433526914}},"Node-13":{"position":{"x":4456.997875634461,"y":-325.6980444222428}},"Node-14":{"position":{"x":3857.987268498106,"y":-304.53300052090117}},"Node-15":{"position":{"x":3858.5003530827157,"y":-179.47313158962044}},"Node-16":{"position":{"x":0,"y":0}},"Node-17":{"position":{"x":2292.042251473108,"y":-123.84571730194914}},"Node-18":{"position":{"x":2079.329237885415,"y":-127.94516188630041}},"Node-19":{"position":{"x":1376.5896689619483,"y":-624.5396951665844}},"Node-2":{"position":{"x":371.2174201907669,"y":196.52635849372837}},"Node-20":{"position":{"x":1881.0492677931468,"y":-126.48786163542381}},"Node-21":{"position":{"x":1424.2610507067516,"y":-92.52153819634535}},"Node-22":{"position":{"x":2706.810041860119,"y":-130.22976249127723}},"Node-23":{"position":{"x":2514.6882758918237,"y":-136.8351494469081}},"Node-24":{"position":{"x":1785.049711020259,"y":757.8304899186616}},"Node-25":{"position":{"x":1559.4941424110793,"y":818.7878095191753}},"Node-26":{"position":{"x":-293.6090126292824,"y":226.36223279381352}},"Node-27":{"position":{"x":1039.9106217319597,"y":-613.5147106925856}},"Node-28":{"position":{"x":400.36736908691284,"y":-495.6105968796489}},"Node-29":{"position":{"x":3548.0530032688202,"y":-69.24757639202483}},"Node-3":{"position":{"x":1370.038262613763,"y":79.66123221647335}},"Node-30":{"position":{"x":3282.657730462655,"y":-127.28053987219228}},"Node-31":{"position":{"x":3836.371263646781,"y":-43.824969167426374}},"Node-32":{"position":{"x":1043.9623855941895,"y":-437.57481940044096}},"Node-33":{"position":{"x":1371.4176724197048,"y":-448.3170506764618}},"Node-34":{"position":{"x":790.7888299342134,"y":-436.45150422499324}},"Node-35":{"position":{"x":2296.2870163980137,"y":59.93126425164883}},"Node-36":{"position":{"x":2081.059132064582,"y":52.96345504660972}},"Node-37":{"position":{"x":1878.992665118446,"y":52.18925402382752}},"Node-38":{"position":{"x":2510.740699708662,"y":59.157063228866654}},"Node-39":{"position":{"x":2719.0007748370554,"y":69.9958775478165}},"Node-4":{"position":{"x":574.9299993002458,"y":222.88662502203022}},"Node-40":{"position":{"x":1042.3020160433186,"y":-216.51684391237995}},"Node-41":{"position":{"x":1386.9691174470026,"y":-249.6083194097291}},"Node-42":{"position":{"x":692.917061979469,"y":-167.39735611203488}},"Node-43":{"position":{"x":402.5696336082557,"y":-205.72482151069332}},"Node-44":{"position":{"x":4156.539416914929,"y":-37.454419011890295}},"Node-45":{"position":{"x":4476.134290963349,"y":-40.35203224394353}},"Node-46":{"position":{"x":4144.441150313443,"y":-762.2322187156184}},"Node-47":{"position":{"x":3784.8287423470783,"y":-545.2557511637848}},"Node-48":{"position":{"x":1561.149169533493,"y":997.8707958127472}},"Node-5":{"position":{"x":-297.182289118033,"y":510.6200037276152}},"Node-6":{"position":{"x":1046.4007643637958,"y":56.280087974404935}},"Node-7":{"position":{"x":2153.3938832578715,"y":873.9345080971649}},"Node-8":{"position":{"x":1823.1921459777586,"y":1187.7712743637308}},"Node-9":{"position":{"x":5065.253095361522,"y":402.6320845879212}}},"notes":{"1":{"position":{"x":1498.573620731126,"y":698.6389150579892},"text":"# Plank Model\n","width":809.4522684911569},"2":{"position":{"x":1931.4885582013367,"y":-201.66163855848544},"text":"# Rail Spline Positioning\n\n","width":990.2578462744278},"3":{"position":{"x":445.1282198286882,"y":-687.4587493815952},"text":"# Rail Offset\n","width":1070.1737549584213}}},"name":"Polyform","nodes":{"Node-0":{"type":"github.com/EliCDavis/polyform/nodes.Struct[github.com/EliCDavis/polyform/math/curves.CatmullRomSplineNodeData]","assignedInput":{"Points":{"dependencyID":"Node-1","dependencyPort":"Value"}}},"Node-1":{"type":"github.com/EliCDavis/polyform/generator/parameter.Value[[]github.com/EliCDavis/vector/vector3.Vector[float64]]","assignedInput":{},"data":{"name":"","description":"","currentValue":[{"x":-5.743020832363515,"y":0,"z":-4.998871690786379},{"x":-2.929774880971233,"y":0,"z":-6.904540809856152},{"x":2,"y":1.6489456884078675,"z":0.5644059439070015},{"x":10.04877826273011,"y":0,"z":-2.951826659791195},{"x":16.965017629263002,"y":0,"z":-7.056780640699553},{"x":21.647879479197172,"y":0,"z":-3.556689436295935}],"defaultValue":null,"cli":null}},"Node-10":{"type":"github.com/EliCDavis/polyform/generator/parameter.Value[float64]","assignedInput":{},"data":{"name":"Plank Height","description":"","currentValue":0.1,"defaultValue":0,"cli":null}},"Node-11":{"type":"github.com/EliCDavis/polyform/generator/parameter.Value[float64]","assignedInput":{},"data":{"name":"","description":"","currentValue":0.5,"defaultValue":0,"cli":null}},"Node-12":{"type":"github.com/EliCDavis/polyform/nodes.Struct[github.com/EliCDavis/polyform/modeling/extrude.CircleAlongSplineNodeData]","assignedInput":{"CircleResolution":{"dependencyID":"Node-14","dependencyPort":"Value"},"Radius":{"dependencyID":"Node-15","dependencyPort":"Value"},"Spline":{"dependencyID":"Node-22","dependencyPort":"Out"},"SplineResolution":{"dependencyID":"Node-31","dependencyPort":"Out"}}},"Node-13":{"type":"github.com/EliCDavis/polyform/nodes.Struct[github.com/EliCDavis/polyform/formats/gltf.ModelNodeData]","assignedInput":{"Material":{"dependencyID":"Node-46","dependencyPort":"Out"},"Mesh":{"dependencyID":"Node-12","dependencyPort":"Out"}}},"Node-14":{"type":"github.com/EliCDavis/polyform/generator/parameter.Value[int]","assignedInput":{},"data":{"name":"","description":"","currentValue":10,"defaultValue":0,"cli":null}},"Node-15":{"type":"github.com/EliCDavis/polyform/generator/parameter.Value[float64]","assignedInput":{},"data":{"name":"","description":"","currentValue":0.05,"defaultValue":0,"cli":null}},"Node-17":{"type":"github.com/EliCDavis/polyform/nodes.Struct[github.com/EliCDavis/polyform/math/trs.MultiplyArrayNodeData]","assignedInput":{"A":{"dependencyID":"Node-3","dependencyPort":"Out"},"B":{"dependencyID":"Node-18","dependencyPort":"Out"}}},"Node-18":{"type":"github.com/EliCDavis/polyform/nodes.Struct[github.com/EliCDavis/polyform/math/trs.ArrayNodeData]","assignedInput":{"Position":{"dependencyID":"Node-20","dependencyPort":"Out"}}},"Node-19":{"type":"github.com/EliCDavis/polyform/nodes.Struct[github.com/EliCDavis/polyform/nodes/experimental.SampleNodeData]","assignedInput":{"End":{"dependencyID":"Node-27","dependencyPort":"Out"},"Samples":{"dependencyID":"Node-6","dependencyPort":"Out"},"Start":{"dependencyID":"Node-27","dependencyPort":"Out"}}},"Node-2":{"type":"github.com/EliCDavis/polyform/nodes.Struct[github.com/EliCDavis/polyform/math/curves.LengthNodeData]","assignedInput":{"Spline":{"dependencyID":"Node-0","dependencyPort":"Out"}}},"Node-20":{"type":"github.com/EliCDavis/polyform/nodes.Struct[github.com/EliCDavis/polyform/math/vector3.NewArrayNodeData]","assignedInput":{"X":{"dependencyID":"Node-19","dependencyPort":"Out"},"Y":{"dependencyID":"Node-33","dependencyPort":"Out"}}},"Node-22":{"type":"github.com/EliCDavis/polyform/nodes.Struct[github.com/EliCDavis/polyform/math/curves.CatmullRomSplineNodeData]","assignedInput":{"Points":{"dependencyID":"Node-23","dependencyPort":"Position"}}},"Node-23":{"type":"github.com/EliCDavis/polyform/nodes.Struct[github.com/EliCDavis/polyform/math/trs.SelectArrayNodeData]","assignedInput":{"TRS":{"dependencyID":"Node-17","dependencyPort":"Out"}}},