{"buffers":[{"byteLength":0,"uri":"data:application/octet-stream;base64,"}],"data":{"authors":[{"name":"Eli C Davis","contactInfo":[{"medium":"bsky.app","value":"@elicdavis.bsky.social"},{"medium":"github.com","value":"EliCDavis"}]}],"description":"Immutable mesh processing program","metadata":{"nodes":{"Node-0":{"position":{"x":-63.88715343674483,"y":61.38813638737149}},"Node-1":{"position":{"x":-290.81880255525675,"y":95.82320713704081}},"Node-10":{"position":{"x":-296.01176053404214,"y":368.1952747788825}},"Node-11":{"position":{"x":1526.1177989895623,"y":1172.249234285251}},"Node-12":{"position":{"x":4169.479368441143,"y":-281.9132154672441}},"Node-13":{"position":{"x":4478.485168503528,"y":-524.9438510263176}},"Node-14":{"position":{"x":3854.080487976458,"y":-335.7872446940894}},"Node-15":{"position":{"x":3858.5003530827157,"y":-179.47313158962044}},"Node-16":{"position":{"x":0,"y":0}},"Node-17":{"position":{"x":2323.689968825298,"y":-342.94529897095566}},"Node-18":{"position":{"x":2110.9769552376047,"y":-347.0447435553069}},"Node-19":{"position":{"x":1395.1431023454243,"y":-501.3040211409594}},"Node-2":{"position":{"x":371.2174201907669,"y":196.52635849372837}},"Node-20":{"position":{"x":1912.6969851453366,"y":-345.58744330443034}},"Node-21":{"position":{"x":1424.2610507067516,"y":-92.52153819634535}},"Node-22":{"position":{"x":2738.4577592123087,"y":-349.3293441602837}},"Node-23":{"position":{"x":2546.3359932440135,"y":-355.93473111591464}},"Node-24":{"position":{"x":1785.049711020259,"y":757.8304899186616}},"Node-25":{"position":{"x":1559.4941424110793,"y":818.7878095191753}},"Node-26":{"position":{"x":-293.6090126292824,"y":226.36223279381352}},"Node-27":{"position":{"x":1058.4640551154357,"y":-490.2790366669606}},"Node-28":{"position":{"x":759.0713573221842,"y":-529.7715205347123}},"Node-29":{"position":{"x":3548.0530032688202,"y":-69.24757639202483}},"Node-3":{"position":{"x":1371.9893317911367,"y":40.63984866899727}},"Node-30":{"position":{"x":3282.657730462655,"y":-127.28053987219228}},"Node-31":{"position":{"x":3836.371263646781,"y":-43.824969167426374}},"Node-32":{"position":{"x":1062.5158189776655,"y":-314.3391453748161}},"Node-33":{"position":{"x":1389.9711058031808,"y":-325.08137665083694}},"Node-34":{"position":{"x":814.9046631653382,"y":-215.1685072272225}},"Node-35":{"position":{"x":2320.6314143612367,"y":-524.3342868657022}},"Node-36":{"position":{"x":2105.403530027805,"y":-531.3020960707413}},"Node-37":{"position":{"x":1903.337063081669,"y":-532.0762970935234}},"Node-38":{"position":{"x":2535.085097671885,"y":-525.1084878884843}},"Node-39":{"position":{"x":2743.3451728002783,"y":-514.2696735695345}},"Node-4":{"position":{"x":574.9299993002458,"y":222.88662502203022}},"Node-40":{"position":{"x":1040.5097509193054,"y":-676.5245271014606}},"Node-41":{"position":{"x":1398.2786489967436,"y":-679.840068171341}},"Node-42":{"position":{"x":709.4818953197025,"y":-678.2560082276908}},"Node-43":{"position":{"x":456.5844539532148,"y":-673.193287218318}},"Node-44":{"position":{"x":4162.3995876973995,"y":-527.7553744787803}},"Node-45":{"position":{"x":4468.32072992005,"y":-259.131741456261}},"Node-46":{"position":{"x":4150.301321095919,"y":-928.2703908856794}},"Node-47":{"position":{"x":3870.7779138233473,"y":-701.5269720297259}},"Node-48":{"position":{"x":1561.149169533493,"y":997.8707958127472}},"Node-5":{"position":{"x":-297.182289118033,"y":510.6200037276152}},"Node-6":{"position":{"x":1009.3304499936935,"y":-35.42016336216387}},"Node-7":{"position":{"x":2153.3938832578715,"y":873.9345080971649}},"Node-8":{"position":{"x":1823.1921459777586,"y":1187.7712743637308}},"Node-9":{"position":{"x":5065.253095361522,"y":402.6320845879212}}},"notes":{"1":{"position":{"x":1498.573620731126,"y":698.6389150579892},"text":"# Plank Model\n","width":809.4522684911569},"2":{"position":{"x":1921.6812899462725,"y":-593.7769052227452},"text":"# Rail Spline Positioning\n\n","width":990.2578462744278},"3":{"position":{"x":524.2183422047796,"y":-765.4172332249814},"text":"# Rail Offset\n","width":1070.1737549584213}}},"name":"Polyform","nodes":{"Node-0":{"type":"github.com/EliCDavis/polyform/nodes.Struct[github.com/EliCDavis/polyform/math/curves.CatmullRomSplineNodeData]","assignedInput":{"Points":{"dependencyID":"Node-1","dependencyPort":"Value"}}},"Node-1":{"type":"github.com/EliCDavis/polyform/generator/parameter.Value[[]github.com/EliCDavis/vector/vector3.Vector[float64]]","assignedInput":{},"data":{"name":"Path","description":"","currentValue":[{"x":-10.737732971498048,"y":0,"z":-4.998871690786379},{"x":-7.618278345058215,"y":1.3238908745259224,"z":-8.909731990390508},{"x":0.10535059967702343,"y":0,"z":-1.3414647626342933},{"x":5.738685480314391,"y":0.9164425749012219,"z":-3.4573415290297556},{"x":14.361278576819767,"y":0,"z":-0.12498384237762483},{"x":23.63192537220169,"y":0,"z":-4.998871690786379},{"x":31.238994352832716,"y":0,"z":-6.097964230674924}],"defaultValue":null,"cli":null}},"Node-10":{"type":"github.com/EliCDavis/polyform/generator/parameter.Value[float64]","assignedInput":{},"data":{"name":"Plank Height","description":"","currentValue":0.1,"defaultValue":0,"cli":null}},"Node-11":{"type":"github.com/EliCDavis/polyform/generator/parameter.Value[float64]","assignedInput":{},"data":{"name":"","description":"","currentValue":0.5,"defaultValue":0,"cli":null}},"Node-12":{"type":"github.com/EliCDavis/polyform/nodes.Struct[github.com/EliCDavis/polyform/modeling/extrude.CircleAlongSplineNodeData]","assignedInput":{"CircleResolution":{"dependencyID":"Node-14","dependencyPort":"Value"},"Radius":{"dependencyID":"Node-15","dependencyPort":"Value"},"Spline":{"dependencyID":"Node-22","dependencyPort":"Out"},"SplineResolution":{"dependencyID":"Node-31","dependencyPort":"Out"}}},"Node-13":{"type":"github.com/EliCDavis/polyform/nodes.Struct[github.com/EliCDavis/polyform/formats/gltf.ModelNodeData]","assignedInput":{"Material":{"dependencyID":"Node-46","dependencyPort":"Out"},"Mesh":{"dependencyID":"Node-12","dependencyPort":"Out"}}},"Node-14":{"type":"github.com/EliCDavis/polyform/generator/parameter.Value[int]","assignedInput":{},"data":{"name":"","description":"","currentValue":10,"defaultValue":0,"cli":null}},"Node-15":{"type":"github.com/EliCDavis/polyform/generator/parameter.Value[float64]","assignedInput":{},"data":{"name":"","description":"","currentValue":0.05,"defaultValue":0,"cli":null}},"Node-17":{"type":"github.com/EliCDavis/polyform/nodes.Struct[github.com/EliCDavis/polyform/math/trs.MultiplyArrayNodeData]","assignedInput":{"A":{"dependencyID":"Node-3","dependencyPort":"Out"},"B":{"dependencyID":"Node-18","dependencyPort":"Out"}}},"Node-18":{"type":"github.com/EliCDavis/polyform/nodes.Struct[github.com/EliCDavis/polyform/math/trs.ArrayNodeData]","assignedInput":{"Position":{"dependencyID":"Node-20","dependencyPort":"Out"}}},"Node-19":{"type":"github.com/EliCDavis/polyform/nodes.Struct[github.com/EliCDavis/polyform/nodes/experimental.SampleNodeData]","assignedInput":{"End":{"dependencyID":"Node-27","dependencyPort":"Out"},"Samples":{"dependencyID":"Node-6","dependencyPort":"Out"},"Start":{"dependencyID":"Node-27","dependencyPort":"Out"}}},"Node-2":{"type":"github.com/EliCDavis/polyform/nodes.Struct[github.com/EliCDavis/polyform/math/curves.LengthNodeData]","assignedInput":{"Spline":{"dependencyID":"Node-0","dependencyPort":"Out"}}},"Node-20":{"type":"github.com/EliCDavis/polyform/nodes.Struct[github.com/EliCDavis/polyform/math/vector3.NewArrayNodeData]","assignedInput":{"X":{"dependencyID":"Node-19","dependencyPort":"Out"},"Y":{"dependencyID":"Node-33","dependencyPort":"Out"}}},"Node-22":{"type":"github.com/EliCDavis/polyform/nodes.Struct[github.com/EliCDavis/polyform/math/curves.CatmullRomSplineNodeData]","assignedInput":{"Points":{"dependencyID":"Node-23","dependencyPort":"Position"}}},"Node-23":{"type":"github.com/EliCDavis/polyform/nodes.Struct[github.com/EliCDavis/polyform/math/trs.SelectArrayNodeData]",